# UAX #9 strong bidi direction (start	end	class, inclusive, hex).
#
# `L` = Bidi_Class L. `R` = Bidi_Class R or AL. Everything else is absent:
# EN/AN digits, whitespace, the neutrals and the explicit formatting controls
# have no strong direction of their own, which is what `strong_dir` returns for
# a code point this table does not cover.
#
# `strong_dir` previously resolved direction from a five-name script list, so
# 1,786 of 3,018 assigned R/AL code points were bidi-neutral to disarm while
# reordering normally on screen (#773).
#
# Unicode 17.0.0, generated by CPython 3.15.0a1.
# Regenerate: uv run --python 3.15 python scripts/gen_bidi_ranges.py
0041	005A	L
0061	007A	L
00AA	00AA	L
00B5	00B5	L
00BA	00BA	L
00C0	00D6	L
00D8	00F6	L
00F8	02B8	L
02BB	02C1	L
02D0	02D1	L
02E0	02E4	L
02EE	02EE	L
0370	0373	L
0376	0377	L
037A	037D	L
037F	037F	L
0386	0386	L
0388	038A	L
038C	038C	L
038E	03A1	L
03A3	03F5	L
03F7	0482	L
048A	052F	L
0531	0556	L
0559	0589	L
05BE	05BE	R
05C0	05C0	R
05C3	05C3	R
05C6	05C6	R
05D0	05EA	R
05EF	05F4	R
0608	0608	R
060B	060B	R
060D	060D	R
061B	064A	R
066D	066F	R
0671	06D5	R
06E5	06E6	R
06EE	06EF	R
06FA	070D	R
070F	0710	R
0712	072F	R
074D	07A5	R
07B1	07B1	R
07C0	07EA	R
07F4	07F5	R
07FA	07FA	R
07FE	0815	R
081A	081A	R
0824	0824	R
0828	0828	R
0830	083E	R
0840	0858	R
085E	085E	R
0860	086A	R
0870	088F	R
08A0	08C9	R
0903	0939	L
093B	093B	L
093D	0940	L
0949	094C	L
094E	0950	L
0958	0961	L
0964	0980	L
0982	0983	L
0985	098C	L
098F	0990	L
0993	09A8	L
09AA	09B0	L
09B2	09B2	L
09B6	09B9	L
09BD	09C0	L
09C7	09C8	L
09CB	09CC	L
09CE	09CE	L
09D7	09D7	L
09DC	09DD	L
09DF	09E1	L
09E6	09F1	L
09F4	09FA	L
09FC	09FD	L
0A03	0A03	L
0A05	0A0A	L
0A0F	0A10	L
0A13	0A28	L
0A2A	0A30	L
0A32	0A33	L
0A35	0A36	L
0A38	0A39	L
0A3E	0A40	L
0A59	0A5C	L
0A5E	0A5E	L
0A66	0A6F	L
0A72	0A74	L
0A76	0A76	L
0A83	0A83	L
0A85	0A8D	L
0A8F	0A91	L
0A93	0AA8	L
0AAA	0AB0	L
0AB2	0AB3	L
0AB5	0AB9	L
0ABD	0AC0	L
0AC9	0AC9	L
0ACB	0ACC	L
0AD0	0AD0	L
0AE0	0AE1	L
0AE6	0AF0	L
0AF9	0AF9	L
0B02	0B03	L
0B05	0B0C	L
0B0F	0B10	L
0B13	0B28	L
0B2A	0B30	L
0B32	0B33	L
0B35	0B39	L
0B3D	0B3E	L
0B40	0B40	L
0B47	0B48	L
0B4B	0B4C	L
0B57	0B57	L
0B5C	0B5D	L
0B5F	0B61	L
0B66	0B77	L
0B83	0B83	L
0B85	0B8A	L
0B8E	0B90	L
0B92	0B95	L
0B99	0B9A	L
0B9C	0B9C	L
0B9E	0B9F	L
0BA3	0BA4	L
0BA8	0BAA	L
0BAE	0BB9	L
0BBE	0BBF	L
0BC1	0BC2	L
0BC6	0BC8	L
0BCA	0BCC	L
0BD0	0BD0	L
0BD7	0BD7	L
0BE6	0BF2	L
0C01	0C03	L
0C05	0C0C	L
0C0E	0C10	L
0C12	0C28	L
0C2A	0C39	L
0C3D	0C3D	L
0C41	0C44	L
0C58	0C5A	L
0C5C	0C5D	L
0C60	0C61	L
0C66	0C6F	L
0C77	0C77	L
0C7F	0C80	L
0C82	0C8C	L
0C8E	0C90	L
0C92	0CA8	L
0CAA	0CB3	L
0CB5	0CB9	L
0CBD	0CC4	L
0CC6	0CC8	L
0CCA	0CCB	L
0CD5	0CD6	L
0CDC	0CDE	L
0CE0	0CE1	L
0CE6	0CEF	L
0CF1	0CF3	L
0D02	0D0C	L
0D0E	0D10	L
0D12	0D3A	L
0D3D	0D40	L
0D46	0D48	L
0D4A	0D4C	L
0D4E	0D4F	L
0D54	0D61	L
0D66	0D7F	L
0D82	0D83	L
0D85	0D96	L
0D9A	0DB1	L
0DB3	0DBB	L
0DBD	0DBD	L
0DC0	0DC6	L
0DCF	0DD1	L
0DD8	0DDF	L
0DE6	0DEF	L
0DF2	0DF4	L
0E01	0E30	L
0E32	0E33	L
0E40	0E46	L
0E4F	0E5B	L
0E81	0E82	L
0E84	0E84	L
0E86	0E8A	L
0E8C	0EA3	L
0EA5	0EA5	L
0EA7	0EB0	L
0EB2	0EB3	L
0EBD	0EBD	L
0EC0	0EC4	L
0EC6	0EC6	L
0ED0	0ED9	L
0EDC	0EDF	L
0F00	0F17	L
0F1A	0F34	L
0F36	0F36	L
0F38	0F38	L
0F3E	0F47	L
0F49	0F6C	L
0F7F	0F7F	L
0F85	0F85	L
0F88	0F8C	L
0FBE	0FC5	L
0FC7	0FCC	L
0FCE	0FDA	L
1000	102C	L
1031	1031	L
1038	1038	L
103B	103C	L
103F	1057	L
105A	105D	L
1061	1070	L
1075	1081	L
1083	1084	L
1087	108C	L
108E	109C	L
109E	10C5	L
10C7	10C7	L
10CD	10CD	L
10D0	1248	L
124A	124D	L
1250	1256	L
1258	1258	L
125A	125D	L
1260	1288	L
128A	128D	L
1290	12B0	L
12B2	12B5	L
12B8	12BE	L
12C0	12C0	L
12C2	12C5	L
12C8	12D6	L
12D8	1310	L
1312	1315	L
1318	135A	L
1360	137C	L
1380	138F	L
13A0	13F5	L
13F8	13FD	L
1401	167F	L
1681	169A	L
16A0	16F8	L
1700	1711	L
1715	1715	L
171F	1731	L
1734	1736	L
1740	1751	L
1760	176C	L
176E	1770	L
1780	17B3	L
17B6	17B6	L
17BE	17C5	L
17C7	17C8	L
17D4	17DA	L
17DC	17DC	L
17E0	17E9	L
1810	1819	L
1820	1878	L
1880	1884	L
1887	18A8	L
18AA	18AA	L
18B0	18F5	L
1900	191E	L
1923	1926	L
1929	192B	L
1930	1931	L
1933	1938	L
1946	196D	L
1970	1974	L
1980	19AB	L
19B0	19C9	L
19D0	19DA	L
1A00	1A16	L
1A19	1A1A	L
1A1E	1A55	L
1A57	1A57	L
1A61	1A61	L
1A63	1A64	L
1A6D	1A72	L
1A80	1A89	L
1A90	1A99	L
1AA0	1AAD	L
1B04	1B33	L
1B35	1B35	L
1B3B	1B3B	L
1B3D	1B41	L
1B43	1B4C	L
1B4E	1B6A	L
1B74	1B7F	L
1B82	1BA1	L
1BA6	1BA7	L
1BAA	1BAA	L
1BAE	1BE5	L
1BE7	1BE7	L
1BEA	1BEC	L
1BEE	1BEE	L
1BF2	1BF3	L
1BFC	1C2B	L
1C34	1C35	L
1C3B	1C49	L
1C4D	1C8A	L
1C90	1CBA	L
1CBD	1CC7	L
1CD3	1CD3	L
1CE1	1CE1	L
1CE9	1CEC	L
1CEE	1CF3	L
1CF5	1CF7	L
1CFA	1CFA	L
1D00	1DBF	L
1E00	1F15	L
1F18	1F1D	L
1F20	1F45	L
1F48	1F4D	L
1F50	1F57	L
1F59	1F59	L
1F5B	1F5B	L
1F5D	1F5D	L
1F5F	1F7D	L
1F80	1FB4	L
1FB6	1FBC	L
1FBE	1FBE	L
1FC2	1FC4	L
1FC6	1FCC	L
1FD0	1FD3	L
1FD6	1FDB	L
1FE0	1FEC	L
1FF2	1FF4	L
1FF6	1FFC	L
200E	200E	L
200F	200F	R
2071	2071	L
207F	207F	L
2090	209C	L
2102	2102	L
2107	2107	L
210A	2113	L
2115	2115	L
2119	211D	L
2124	2124	L
2126	2126	L
2128	2128	L
212A	212D	L
212F	2139	L
213C	213F	L
2145	2149	L
214E	214F	L
2160	2188	L
2336	237A	L
2395	2395	L
249C	24E9	L
26AC	26AC	L
2800	28FF	L
2C00	2CE4	L
2CEB	2CEE	L
2CF2	2CF3	L
2D00	2D25	L
2D27	2D27	L
2D2D	2D2D	L
2D30	2D67	L
2D6F	2D70	L
2D80	2D96	L
2DA0	2DA6	L
2DA8	2DAE	L
2DB0	2DB6	L
2DB8	2DBE	L
2DC0	2DC6	L
2DC8	2DCE	L
2DD0	2DD6	L
2DD8	2DDE	L
3005	3007	L
3021	3029	L
302E	302F	L
3031	3035	L
3038	303C	L
3041	3096	L
309D	309F	L
30A1	30FA	L
30FC	30FF	L
3105	312F	L
3131	318E	L
3190	31BF	L
31F0	321C	L
3220	324F	L
3260	327B	L
327F	32B0	L
32C0	32CB	L
32D0	3376	L
337B	33DD	L
33E0	33FE	L
3400	4DBF	L
4E00	A48C	L
A4D0	A60C	L
A610	A62B	L
A640	A66E	L
A680	A69D	L
A6A0	A6EF	L
A6F2	A6F7	L
A722	A787	L
A789	A7DC	L
A7F1	A801	L
A803	A805	L
A807	A80A	L
A80C	A824	L
A827	A827	L
A830	A837	L
A840	A873	L
A880	A8C3	L
A8CE	A8D9	L
A8F2	A8FE	L
A900	A925	L
A92E	A946	L
A952	A953	L
A95F	A97C	L
A983	A9B2	L
A9B4	A9B5	L
A9BA	A9BB	L
A9BE	A9CD	L
A9CF	A9D9	L
A9DE	A9E4	L
A9E6	A9FE	L
AA00	AA28	L
AA2F	AA30	L
AA33	AA34	L
AA40	AA42	L
AA44	AA4B	L
AA4D	AA4D	L
AA50	AA59	L
AA5C	AA7B	L
AA7D	AAAF	L
AAB1	AAB1	L
AAB5	AAB6	L
AAB9	AABD	L
AAC0	AAC0	L
AAC2	AAC2	L
AADB	AAEB	L
AAEE	AAF5	L
AB01	AB06	L
AB09	AB0E	L
AB11	AB16	L
AB20	AB26	L
AB28	AB2E	L
AB30	AB69	L
AB70	ABE4	L
ABE6	ABE7	L
ABE9	ABEC	L
ABF0	ABF9	L
AC00	D7A3	L
D7B0	D7C6	L
D7CB	D7FB	L
E000	FA6D	L
FA70	FAD9	L
FB00	FB06	L
FB13	FB17	L
FB1D	FB1D	R
FB1F	FB28	R
FB2A	FB36	R
FB38	FB3C	R
FB3E	FB3E	R
FB40	FB41	R
FB43	FB44	R
FB46	FBC2	R
FBD3	FD3D	R
FD50	FD8F	R
FD92	FDC7	R
FDF0	FDFC	R
FE70	FE74	R
FE76	FEFC	R
FF21	FF3A	L
FF41	FF5A	L
FF66	FFBE	L
FFC2	FFC7	L
FFCA	FFCF	L
FFD2	FFD7	L
FFDA	FFDC	L
10000	1000B	L
1000D	10026	L
10028	1003A	L
1003C	1003D	L
1003F	1004D	L
10050	1005D	L
10080	100FA	L
10100	10100	L
10102	10102	L
10107	10133	L
10137	1013F	L
1018D	1018E	L
101D0	101FC	L
10280	1029C	L
102A0	102D0	L
10300	10323	L
1032D	1034A	L
10350	10375	L
10380	1039D	L
1039F	103C3	L
103C8	103D5	L
10400	1049D	L
104A0	104A9	L
104B0	104D3	L
104D8	104FB	L
10500	10527	L
10530	10563	L
1056F	1057A	L
1057C	1058A	L
1058C	10592	L
10594	10595	L
10597	105A1	L
105A3	105B1	L
105B3	105B9	L
105BB	105BC	L
105C0	105F3	L
10600	10736	L
10740	10755	L
10760	10767	L
10780	10785	L
10787	107B0	L
107B2	107BA	L
10800	10805	R
10808	10808	R
1080A	10835	R
10837	10838	R
1083C	1083C	R
1083F	10855	R
10857	1089E	R
108A7	108AF	R
108E0	108F2	R
108F4	108F5	R
108FB	1091B	R
10920	10939	R
1093F	10959	R
10980	109B7	R
109BC	109CF	R
109D2	10A00	R
10A10	10A13	R
10A15	10A17	R
10A19	10A35	R
10A40	10A48	R
10A50	10A58	R
10A60	10A9F	R
10AC0	10AE4	R
10AEB	10AF6	R
10B00	10B35	R
10B40	10B55	R
10B58	10B72	R
10B78	10B91	R
10B99	10B9C	R
10BA9	10BAF	R
10C00	10C48	R
10C80	10CB2	R
10CC0	10CF2	R
10CFA	10D23	R
10D4A	10D65	R
10D6F	10D85	R
10D8E	10D8F	R
10E80	10EA9	R
10EAD	10EAD	R
10EB0	10EB1	R
10EC2	10EC7	R
10F00	10F27	R
10F30	10F45	R
10F51	10F59	R
10F70	10F81	R
10F86	10F89	R
10FB0	10FCB	R
10FE0	10FF6	R
11000	11000	L
11002	11037	L
11047	1104D	L
11066	1106F	L
11071	11072	L
11075	11075	L
11082	110B2	L
110B7	110B8	L
110BB	110C1	L
110CD	110CD	L
110D0	110E8	L
110F0	110F9	L
11103	11126	L
1112C	1112C	L
11136	11147	L
11150	11172	L
11174	11176	L
11182	111B5	L
111BF	111C8	L
111CD	111CE	L
111D0	111DF	L
111E1	111F4	L
11200	11211	L
11213	1122E	L
11232	11233	L
11235	11235	L
11238	1123D	L
1123F	11240	L
11280	11286	L
11288	11288	L
1128A	1128D	L
1128F	1129D	L
1129F	112A9	L
112B0	112DE	L
112E0	112E2	L
112F0	112F9	L
11302	11303	L
11305	1130C	L
1130F	11310	L
11313	11328	L
1132A	11330	L
11332	11333	L
11335	11339	L
1133D	1133F	L
11341	11344	L
11347	11348	L
1134B	1134D	L
11350	11350	L
11357	11357	L
1135D	11363	L
11380	11389	L
1138B	1138B	L
1138E	1138E	L
11390	113B5	L
113B7	113BA	L
113C2	113C2	L
113C5	113C5	L
113C7	113CA	L
113CC	113CD	L
113CF	113CF	L
113D1	113D1	L
113D3	113D5	L
113D7	113D8	L
11400	11437	L
11440	11441	L
11445	11445	L
11447	1145B	L
1145D	1145D	L
1145F	11461	L
11480	114B2	L
114B9	114B9	L
114BB	114BE	L
114C1	114C1	L
114C4	114C7	L
114D0	114D9	L
11580	115B1	L
115B8	115BB	L
115BE	115BE	L
115C1	115DB	L
11600	11632	L
1163B	1163C	L
1163E	1163E	L
11641	11644	L
11650	11659	L
11680	116AA	L
116AC	116AC	L
116AE	116AF	L
116B6	116B6	L
116B8	116B9	L
116C0	116C9	L
116D0	116E3	L
11700	1171A	L
1171E	1171E	L
11720	11721	L
11726	11726	L
11730	11746	L
11800	1182E	L
11838	11838	L
1183B	1183B	L
118A0	118F2	L
118FF	11906	L
11909	11909	L
1190C	11913	L
11915	11916	L
11918	11935	L
11937	11938	L
1193D	1193D	L
1193F	11942	L
11944	11946	L
11950	11959	L
119A0	119A7	L
119AA	119D3	L
119DC	119DF	L
119E1	119E4	L
11A00	11A00	L
11A07	11A08	L
11A0B	11A32	L
11A39	11A3A	L
11A3F	11A46	L
11A50	11A50	L
11A57	11A58	L
11A5C	11A89	L
11A97	11A97	L
11A9A	11AA2	L
11AB0	11AF8	L
11B00	11B09	L
11B61	11B61	L
11B65	11B65	L
11B67	11B67	L
11BC0	11BE1	L
11BF0	11BF9	L
11C00	11C08	L
11C0A	11C2F	L
11C3E	11C45	L
11C50	11C6C	L
11C70	11C8F	L
11CA9	11CA9	L
11CB1	11CB1	L
11CB4	11CB4	L
11D00	11D06	L
11D08	11D09	L
11D0B	11D30	L
11D46	11D46	L
11D50	11D59	L
11D60	11D65	L
11D67	11D68	L
11D6A	11D8E	L
11D93	11D94	L
11D96	11D96	L
11D98	11D98	L
11DA0	11DA9	L
11DB0	11DDB	L
11DE0	11DE9	L
11EE0	11EF2	L
11EF5	11EF8	L
11F02	11F10	L
11F12	11F35	L
11F3E	11F3F	L
11F41	11F41	L
11F43	11F59	L
11FB0	11FB0	L
11FC0	11FD4	L
11FFF	12399	L
12400	1246E	L
12470	12474	L
12480	12543	L
12F90	12FF2	L
13000	1343F	L
13441	13446	L
13460	143FA	L
14400	14646	L
16100	1611D	L
1612A	1612C	L
16130	16139	L
16800	16A38	L
16A40	16A5E	L
16A60	16A69	L
16A6E	16ABE	L
16AC0	16AC9	L
16AD0	16AED	L
16AF5	16AF5	L
16B00	16B2F	L
16B37	16B45	L
16B50	16B59	L
16B5B	16B61	L
16B63	16B77	L
16B7D	16B8F	L
16D40	16D79	L
16E40	16E9A	L
16EA0	16EB8	L
16EBB	16ED3	L
16F00	16F4A	L
16F50	16F87	L
16F93	16F9F	L
16FE0	16FE1	L
16FE3	16FE3	L
16FF0	16FF6	L
17000	18CD5	L
18CFF	18D1E	L
18D80	18DF2	L
1AFF0	1AFF3	L
1AFF5	1AFFB	L
1AFFD	1AFFE	L
1B000	1B122	L
1B132	1B132	L
1B150	1B152	L
1B155	1B155	L
1B164	1B167	L
1B170	1B2FB	L
1BC00	1BC6A	L
1BC70	1BC7C	L
1BC80	1BC88	L
1BC90	1BC99	L
1BC9C	1BC9C	L
1BC9F	1BC9F	L
1CCD6	1CCEF	L
1CF50	1CFC3	L
1D000	1D0F5	L
1D100	1D126	L
1D129	1D166	L
1D16A	1D172	L
1D183	1D184	L
1D18C	1D1A9	L
1D1AE	1D1E8	L
1D2C0	1D2D3	L
1D2E0	1D2F3	L
1D360	1D378	L
1D400	1D454	L
1D456	1D49C	L
1D49E	1D49F	L
1D4A2	1D4A2	L
1D4A5	1D4A6	L
1D4A9	1D4AC	L
1D4AE	1D4B9	L
1D4BB	1D4BB	L
1D4BD	1D4C3	L
1D4C5	1D505	L
1D507	1D50A	L
1D50D	1D514	L
1D516	1D51C	L
1D51E	1D539	L
1D53B	1D53E	L
1D540	1D544	L
1D546	1D546	L
1D54A	1D550	L
1D552	1D6A5	L
1D6A8	1D6C0	L
1D6C2	1D6DA	L
1D6DC	1D6FA	L
1D6FC	1D714	L
1D716	1D734	L
1D736	1D74E	L
1D750	1D76E	L
1D770	1D788	L
1D78A	1D7A8	L
1D7AA	1D7C2	L
1D7C4	1D7CB	L
1D800	1D9FF	L
1DA37	1DA3A	L
1DA6D	1DA74	L
1DA76	1DA83	L
1DA85	1DA8B	L
1DF00	1DF1E	L
1DF25	1DF2A	L
1E030	1E06D	L
1E100	1E12C	L
1E137	1E13D	L
1E140	1E149	L
1E14E	1E14F	L
1E290	1E2AD	L
1E2C0	1E2EB	L
1E2F0	1E2F9	L
1E4D0	1E4EB	L
1E4F0	1E4F9	L
1E5D0	1E5ED	L
1E5F0	1E5FA	L
1E5FF	1E5FF	L
1E6C0	1E6DE	L
1E6E0	1E6E2	L
1E6E4	1E6E5	L
1E6E7	1E6ED	L
1E6F0	1E6F4	L
1E6FE	1E6FF	L
1E7E0	1E7E6	L
1E7E8	1E7EB	L
1E7ED	1E7EE	L
1E7F0	1E7FE	L
1E800	1E8C4	R
1E8C7	1E8CF	R
1E900	1E943	R
1E94B	1E94B	R
1E950	1E959	R
1E95E	1E95F	R
1EC71	1ECB4	R
1ED01	1ED3D	R
1EE00	1EE03	R
1EE05	1EE1F	R
1EE21	1EE22	R
1EE24	1EE24	R
1EE27	1EE27	R
1EE29	1EE32	R
1EE34	1EE37	R
1EE39	1EE39	R
1EE3B	1EE3B	R
1EE42	1EE42	R
1EE47	1EE47	R
1EE49	1EE49	R
1EE4B	1EE4B	R
1EE4D	1EE4F	R
1EE51	1EE52	R
1EE54	1EE54	R
1EE57	1EE57	R
1EE59	1EE59	R
1EE5B	1EE5B	R
1EE5D	1EE5D	R
1EE5F	1EE5F	R
1EE61	1EE62	R
1EE64	1EE64	R
1EE67	1EE6A	R
1EE6C	1EE72	R
1EE74	1EE77	R
1EE79	1EE7C	R
1EE7E	1EE7E	R
1EE80	1EE89	R
1EE8B	1EE9B	R
1EEA1	1EEA3	R
1EEA5	1EEA9	R
1EEAB	1EEBB	R
1F110	1F12E	L
1F130	1F169	L
1F170	1F1AC	L
1F1E6	1F202	L
1F210	1F23B	L
1F240	1F248	L
1F250	1F251	L
20000	2A6DF	L
2A700	2B81D	L
2B820	2CEAD	L
2CEB0	2EBE0	L
2EBF0	2EE5D	L
2F800	2FA1D	L
30000	3134A	L
31350	33479	L
F0000	FFFFD	L
100000	10FFFD	L
